"Id","Position","First Name","Last Name","FPPG","Played","Salary","Game","Team","Opponent","Injury Indicator","Injury Details","",""
"6894","QB","Aaron","Rodgers","23.1","1","9300","SEA@GB","GB","SEA","","","",""
"11612","WR","Antonio","Brown","23.8","1","9200","SF@PIT","PIT","SF","","","",""
"6703","RB","Adrian","Peterson","6.7","1","9000","DET@MIN","MIN","DET","","","",""
"21939","QB","Andrew","Luck","17.7","1","8900","NYJ@IND","IND","NYJ","","","",""
"6504","QB","Drew","Brees","17.5","1","8900","TB@NO","NO","TB","","","",""
"6899","RB","Matt","Forte","25.1","1","8900","ARI@CHI","CHI","ARI","","","",""
"14190","WR","Julio","Jones","30.6","1","8800","ATL@NYG","ATL","NYG","","","",""
"6728","RB","Jamaal","Charles","18.8","1","8800","DEN@KC","KC","DEN","","","",""
"6616","QB","Matt","Ryan","18.6","1","8700","ATL@NYG","ATL","NYG","","","",""
"31360","WR","Odell","Beckham Jr.","6.9","1","8700","ATL@NYG","NYG","ATL","","","",""
"22015","QB","Russell","Wilson","16.1","1","8500","SEA@GB","SEA","GB","","","",""
"6639","QB","Tony","Romo","24.1","1","8500","DAL@PHI","DAL","PHI","","","",""
"11432","WR","Demaryius","Thomas","9.5","1","8500","DEN@KC","DEN","KC","P","Hand","",""
"9371","RB","Marshawn","Lynch","14.9","1","8500","SEA@GB","SEA","GB","","","",""
"6589","QB","Ben","Roethlisberger","17","1","8400","SF@PIT","PIT","SF","","","",""
"31397","RB","Jeremy","Hill","18.3","1","8400","SD@CIN","CIN","SD","","","",""
"14254","RB","DeMarco","Murray","16","1","8300","DAL@PHI","PHI","DAL","","","",""
"6498","QB","Tom","Brady","27.6","1","8300","NE@BUF","NE","BUF","","","",""
"11460","TE","Rob","Gronkowski","29.9","1","8300","NE@BUF","NE","BUF","","","",""
"14257","WR","Randall","Cobb","12.3","1","8200","SEA@GB","GB","SEA","P","Shoulder","",""
"10777","RB","Arian","Foster","19.6","13","8200","HOU@CAR","HOU","CAR","O","Groin","",""
"29253","WR","Keenan","Allen","24.1","1","8200","SD@CIN","SD","CIN","","","",""
"7968","QB","Philip","Rivers","22","1","8200","SD@CIN","SD","CIN","","","",""
"6661","QB","Peyton","Manning","5.9","1","8200","DEN@KC","DEN","KC","P","Back","",""
"21980","WR","Alshon","Jeffery","10.3","1","8100","ARI@CHI","CHI","ARI","P","Calf","",""
"6655","WR","Calvin","Johnson","4.9","1","8100","DET@MIN","DET","MIN","","","",""
"16606","WR","DeAndre","Hopkins","28.3","1","8100","HOU@CAR","HOU","CAR","","","",""
"14187","WR","A.J.","Green","8.8","1","8100","SD@CIN","CIN","SD","","","",""
"32384","WR","Mike","Evans","14.1","15","8100","TB@NO","TB","NO","Q","Hamstring","",""
"30968","RB","Eddie","Lacy","16.9","1","8100","SEA@GB","GB","SEA","","","",""
"6714","QB","Joe","Flacco","2.7","1","8100","BAL@OAK","BAL","OAK","","","",""
"6779","RB","LeSean","McCoy","10.2","1","8100","NE@BUF","BUF","NE","P","Hamstring","",""
"21948","QB","Ryan","Tannehill","11.7","1","8000","MIA@JAC","MIA","JAC","","","",""
"14211","RB","Mark","Ingram","16.2","1","8000","TB@NO","NO","TB","","","",""
"29249","RB","C.J.","Anderson","6.8","1","8000","DEN@KC","DEN","KC","Q","Toe","",""
"11505","WR","Emmanuel","Sanders","10.5","1","8000","DEN@KC","DEN","KC","","","",""
"6826","QB","Eli","Manning","8.5","1","8000","ATL@NYG","NYG","ATL","","","",""
"14231","QB","Colin","Kaepernick","10.7","1","7800","SF@PIT","SF","PIT","","","",""
"6857","RB","Justin","Forsett","7.6","1","7800","BAL@OAK","BAL","OAK","","","",""
"6748","QB","Carson","Palmer","25.7","1","7800","ARI@CHI","ARI","CHI","","","",""
"6654","QB","Matthew","Stafford","15.7","1","7700","DET@MIN","DET","MIN","P","Elbow","",""
"14185","QB","Cam","Newton","13.5","1","7700","HOU@CAR","CAR","HOU","","","",""
"24682","RB","Andre","Ellington","12.1","1","7700","ARI@CHI","ARI","CHI","D","Knee","",""
"7859","WR","Julian","Edelman","16.1","1","7600","NE@BUF","NE","BUF","","","",""
"22031","WR","T.Y.","Hilton","12.3","1","7600","NYJ@IND","IND","NYJ","Q","Knee","",""
"11414","QB","Sam","Bradford","15.4","1","7500","DAL@PHI","PHI","DAL","P","Ankle","",""
"6618","WR","Roddy","White","10.4","1","7400","ATL@NYG","ATL","NYG","","","",""
"29501","WR","Brandin","Cooks","7.3","1","7400","TB@NO","NO","TB","","","",""
"29358","QB","Marcus","Mariota","25","1","7400","TEN@CLE","TEN","CLE","","","",""
"6732","RB","DeAngelo","Williams","13.7","1","7400","SF@PIT","PIT","SF","","","",""
"6759","WR","Brandon","Marshall","15.2","1","7400","NYJ@IND","NYJ","IND","","","",""
"22113","RB","Alfred","Morris","12.1","1","7300","STL@WAS","WAS","STL","","","",""
"22037","RB","Lamar","Miller","8","1","7300","MIA@JAC","MIA","JAC","","","",""
"31261","RB","Tre","Mason","10.6","12","7200","STL@WAS","STL","WAS","Q","Hamstring","",""
"7953","WR","Vincent","Jackson","7.1","1","7200","TB@NO","TB","NO","","","",""
"6898","QB","Jay","Cutler","15.1","1","7200","ARI@CHI","CHI","ARI","","","",""
"21941","QB","Robert","Griffin III","10.4","9","7100","STL@WAS","WAS","STL","","","",""
"7283","WR","Jeremy","Maclin","7.7","1","7100","DEN@KC","KC","DEN","Q","Back","",""
"31394","WR","Jarvis","Landry","16.7","1","7100","MIA@JAC","MIA","JAC","","","",""
"11512","TE","Jimmy","Graham","14.1","1","7100","SEA@GB","SEA","GB","","","",""
"25290","RB","Giovani","Bernard","11.8","1","7000","SD@CIN","CIN","SD","","","",""
"33259","QB","Teddy","Bridgewater","9.8","1","7000","DET@MIN","MIN","DET","","","",""
"28473","RB","Carlos","Hyde","31.2","1","7000","SF@PIT","SF","PIT","","","",""
"30837","WR","Jordan","Matthews","15.2","1","7000","DAL@PHI","PHI","DAL","","","",""
"6840","RB","Frank","Gore","4.1","1","7000","NYJ@IND","IND","NYJ","","","",""
"14225","QB","Andy","Dalton","18.9","1","6900","SD@CIN","CIN","SD","","","",""
"11864","RB","Christopher","Ivory","22.5","1","6900","NYJ@IND","NYJ","IND","","","",""
"6739","WR","DeSean","Jackson","0","1","6900","STL@WAS","WAS","STL","O","Hamstring","",""
"54604","QB","Jimmy","Garoppolo","2","6","6800","NE@BUF","NE","BUF","","","",""
"8005","QB","Alex","Smith","23.2","1","6800","DEN@KC","KC","DEN","","","",""
"34331","RB","Latavius","Murray","11.5","1","6800","BAL@OAK","OAK","BAL","","","",""
"6681","WR","Andre","Johnson","4.4","1","6800","NYJ@IND","IND","NYJ","","","",""
"6733","RB","Jonathan","Stewart","10.1","1","6800","HOU@CAR","CAR","HOU","","","",""
"7659","QB","Ryan","Fitzpatrick","14.1","1","6700","NYJ@IND","NYJ","IND","","","",""
"21970","RB","Doug","Martin","5.9","1","6700","TB@NO","TB","NO","","","",""
"27553","RB","Joseph","Randle","12.2","1","6700","DAL@PHI","DAL","PHI","","","",""
"11485","WR","Golden","Tate","4.4","1","6700","DET@MIN","DET","MIN","","","",""
"31001","WR","Amari","Cooper","7.2","1","6700","BAL@OAK","OAK","BAL","","","",""
"6735","WR","Steve","Smith","2.3","1","6700","BAL@OAK","BAL","OAK","","","",""
"33076","TE","Travis","Kelce","25.6","1","6600","DEN@KC","KC","DEN","P","Hip","",""
"24641","WR","Sammy","Watkins","0","1","6600","NE@BUF","BUF","NE","","","",""
"62497","RB","David","Johnson","12","1","6600","ARI@CHI","ARI","CHI","","","",""
"24849","QB","Jameis","Winston","16.2","1","6600","TB@NO","TB","NO","","","",""
"14267","QB","Ryan","Mallett","8.5","1","6500","HOU@CAR","HOU","CAR","","","",""
"32415","QB","Johnny","Manziel","9.8","1","6500","TEN@CLE","CLE","TEN","","","",""
"31061","RB","T.J.","Yeldon","8.2","1","6500","MIA@JAC","JAC","MIA","","","",""
"27776","RB","Tevin","Coleman","8","1","6500","ATL@NYG","ATL","NYG","","","",""
"29991","RB","Bishop","Sankey","21.6","1","6500","TEN@CLE","TEN","CLE","","","",""
"28900","RB","Melvin","Gordon","6.2","1","6500","SD@CIN","SD","CIN","","","",""
"22027","QB","Nick","Foles","19","1","6500","STL@WAS","STL","WAS","","","",""
"27229","RB","Ameer","Abdullah","17.4","1","6400","DET@MIN","DET","MIN","","","",""
"11779","RB","LeGarrette","Blount","5.8","16","6400","NE@BUF","NE","BUF","","","",""
"6479","WR","Anquan","Boldin","5.6","1","6400","SF@PIT","SF","PIT","","","",""
"45889","WR","Davante","Adams","7.9","1","6400","SEA@GB","GB","SEA","","","",""
"8052","RB","Rashad","Jennings","11.2","1","6400","ATL@NYG","NYG","ATL","","","",""
"6687","QB","Mark","Sanchez","16.7","9","6400","DAL@PHI","PHI","DAL","","","",""
"7806","RB","Darren","McFadden","4","1","6400","DAL@PHI","DAL","PHI","","","",""
"7778","QB","Matt","Cassel","0","1","6400","NE@BUF","BUF","NE","","","",""
"30447","RB","Todd","Gurley","0","0","6300","STL@WAS","STL","WAS","O","Knee","",""
"7872","QB","Brian","Hoyer","10.4","1","6300","HOU@CAR","HOU","CAR","","","",""
"31836","WR","Terrance","Williams","8.5","1","6300","DAL@PHI","DAL","PHI","","","",""
"24920","RB","Devonta","Freeman","6.2","1","6300","ATL@NYG","ATL","NYG","","","",""
"14377","QB","Tyrod","Taylor","15.9","1","6300","NE@BUF","BUF","NE","","","",""
"6607","WR","Mike","Wallace","9.3","1","6200","DET@MIN","MIN","DET","","","",""
"14245","RB","Shane","Vereen","8","1","6200","ATL@NYG","NYG","ATL","","","",""
"54606","WR","John","Brown","12.6","1","6200","ARI@CHI","ARI","CHI","","","",""
"9421","RB","Danny","Woodhead","20.2","1","6200","SD@CIN","SD","CIN","","","",""
"24949","QB","E.J.","Manuel","12.3","5","6200","NE@BUF","BUF","NE","","","",""
"21957","WR","Kendall","Wright","18.1","1","6100","TEN@CLE","TEN","CLE","","","",""
"11999","WR","Victor","Cruz","8.5","6","6100","ATL@NYG","NYG","ATL","Q","Calf","",""
"6448","TE","Martellus","Bennett","14","1","6100","ARI@CHI","CHI","ARI","","","",""
"45859","QB","Derek","Carr","3.2","1","6100","BAL@OAK","OAK","BAL","Q","Hand","",""
"11419","RB","C.J.","Spiller","6.9","9","6100","TB@NO","NO","TB","Q","Knee","",""
"11712","RB","Joique","Bell","5.1","1","6100","DET@MIN","DET","MIN","","","",""
"34308","QB","Blake","Bortles","11.9","1","6100","MIA@JAC","JAC","MIA","","","",""
"7660","RB","Fred","Jackson","3.4","1","6000","SEA@GB","SEA","GB","","","",""
"31561","WR","Donte","Moncrief","13.6","1","6000","NYJ@IND","IND","NYJ","","","",""
"6641","TE","Jason","Witten","22","1","6000","DAL@PHI","DAL","PHI","","","",""
"8118","QB","Michael","Vick","4.5","10","6000","SF@PIT","PIT","SF","","","",""
"11501","WR","Eric","Decker","10.7","1","6000","NYJ@IND","NYJ","IND","","","",""
"6914","TE","Greg","Olsen","1.6","1","6000","HOU@CAR","CAR","HOU","","","",""
"14626","WR","Doug","Baldwin","7","1","6000","SEA@GB","SEA","GB","","","",""
"31871","RB","Charles","Sims","4.5","1","6000","TB@NO","TB","NO","","","",""
"14288","WR","Torrey","Smith","1.6","1","5900","SF@PIT","SF","PIT","","","",""
"33557","TE","Tyler","Eifert","26.9","1","5900","SD@CIN","CIN","SD","","","",""
"6803","QB","Josh","McCown","2.3","1","5900","TEN@CLE","CLE","TEN","Q","Concussion","",""
"7844","QB","Chad","Henne","10.4","3","5900","MIA@JAC","JAC","MIA","","","",""
"6883","WR","Larry","Fitzgerald","11.7","1","5900","ARI@CHI","ARI","CHI","","","",""
"54684","RB","Isaiah","Crowell","4.3","1","5800","TEN@CLE","CLE","TEN","","","",""
"39649","RB","Benny","Cunningham","14.2","1","5800","STL@WAS","STL","WAS","","","",""
"6566","RB","Chris","Johnson","3.7","1","5700","ARI@CHI","ARI","CHI","","","",""
"29683","WR","Nelson","Agholor","1","1","5700","DAL@PHI","PHI","DAL","","","",""
"7645","WR","Steve","Johnson","17.2","1","5700","SD@CIN","SD","CIN","","","",""
"28643","WR","Allen","Robinson","3.2","1","5700","MIA@JAC","JAC","MIA","P","Knee","",""
"31406","RB","Alfred","Blue","5.4","1","5700","HOU@CAR","HOU","CAR","","","",""
"7053","QB","Matt","Flynn","-0.2","7","5700","NYJ@IND","NYJ","IND","","","",""
"11425","RB","Ryan","Mathews","10.3","1","5700","DAL@PHI","PHI","DAL","","","",""
"22288","WR","Cole","Beasley","4.9","1","5700","DAL@PHI","DAL","PHI","","","",""
"6704","WR","Percy","Harvin","17.3","1","5700","NE@BUF","BUF","NE","","","",""
"22038","QB","Kirk","Cousins","9.7","1","5700","STL@WAS","WAS","STL","","","",""
"21994","QB","Brock","Osweiler","1.5","4","5600","DEN@KC","DEN","KC","","","",""
"21952","WR","Michael","Floyd","2.3","1","5600","ARI@CHI","ARI","CHI","P","Finger","",""
"31421","QB","Zach","Mettenberger","-0.5","1","5600","TEN@CLE","TEN","CLE","","","",""
"7972","RB","Darren","Sproles","16.1","1","5600","DAL@PHI","PHI","DAL","","","",""
"22047","TE","Ladarius","Green","15.9","1","5600","SD@CIN","SD","CIN","","","",""
"21959","QB","Brandon","Weeden","4.2","5","5500","DAL@PHI","DAL","PHI","","","",""
"26141","QB","Ryan","Nassib","0.5","4","5500","ATL@NYG","NYG","ATL","","","",""
"14292","TE","Jordan","Cameron","9.3","1","5500","MIA@JAC","MIA","JAC","","","",""
"54608","RB","Jerick","McKinnon","3.8","1","5500","DET@MIN","MIN","DET","","","",""
"25837","RB","Duke","Johnson","2.2","1","5500","TEN@CLE","CLE","TEN","","","",""
"9392","WR","Michael","Crabtree","6.2","1","5500","BAL@OAK","OAK","BAL","","","",""
"28677","QB","Matt","McGloin","10.7","1","5500","BAL@OAK","OAK","BAL","","","",""
"8803","QB","Chase","Daniel","2.6","3","5400","DEN@KC","KC","DEN","","","",""
"6580","TE","Heath","Miller","12.4","1","5400","SF@PIT","PIT","SF","","","",""
"21999","WR","Rueben","Randle","3.8","1","5400","ATL@NYG","NYG","ATL","","","",""
"22848","QB","Austin","Davis","11.7","10","5400","TEN@CLE","CLE","TEN","","","",""
"14194","QB","Blaine","Gabbert","6","1","5400","SF@PIT","SF","PIT","","","",""
"14268","RB","Stevan","Ridley","8.3","6","5400","NYJ@IND","NYJ","IND","NA","Knee","",""
"14305","RB","Roy","Helu","7.6","14","5400","BAL@OAK","OAK","BAL","","","",""
"14317","TE","Julius","Thomas","11","13","5400","MIA@JAC","JAC","MIA","O","Finger","",""
"7222","WR","James","Jones","19.1","1","5400","SEA@GB","GB","SEA","","","",""
"39449","WR","Charles","Johnson","3.7","1","5400","DET@MIN","MIN","DET","","","",""
"6808","QB","Matt","Moore","0.3","2","5400","MIA@JAC","MIA","JAC","","","",""
"22219","WR","Jermaine","Kearse","11.6","1","5400","SEA@GB","SEA","GB","","","",""
"6662","WR","Reggie","Wayne","8","15","5400","NE@BUF","NE","BUF","","","",""
"28088","RB","Denard","Robinson","5.5","1","5400","MIA@JAC","JAC","MIA","","","",""
"6774","WR","Pierre","Garcon","10.4","1","5400","STL@WAS","WAS","STL","","","",""
"21972","WR","Brian","Quick","9.7","7","5300","STL@WAS","STL","WAS","","","",""
"6645","WR","Marques","Colston","4.4","1","5300","TB@NO","NO","TB","","","",""
"6643","RB","Reggie","Bush","0.8","1","5300","SF@PIT","SF","PIT","Q","Calf","",""
"38269","RB","Cameron","Artis-Payne","0","1","5300","HOU@CAR","CAR","HOU","","","",""
"27441","RB","Damien","Williams","0.8","1","5300","MIA@JAC","MIA","JAC","","","",""
"54612","RB","Lorenzo","Taliaferro","5.1","13","5300","BAL@OAK","BAL","OAK","Q","Knee","",""
"30244","RB","Matt","Jones","2.8","1","5300","STL@WAS","WAS","STL","","","",""
"54607","RB","Terrance","West","2.1","1","5300","TEN@CLE","TEN","CLE","","","",""
"11431","TE","Jermaine","Gresham","0.9","1","5300","ARI@CHI","ARI","CHI","","","",""
"11466","QB","Jimmy","Clausen","4.2","4","5300","ARI@CHI","CHI","ARI","","","",""
"25607","RB","Josh","Harris","0.3","5","5300","SF@PIT","PIT","SF","","","",""
"25694","RB","Andre","Williams","1.4","1","5300","ATL@NYG","NYG","ATL","","","",""
"21123","TE","Larry","Donnell","3.6","1","5300","ATL@NYG","NYG","ATL","","","",""
"6679","QB","Matt","Schaub","0.1","11","5300","BAL@OAK","BAL","OAK","","","",""
"22004","TE","Dwayne","Allen","9.2","1","5200","NYJ@IND","IND","NYJ","","","",""
"29645","RB","Javorius","Allen","3.9","1","5200","BAL@OAK","BAL","OAK","","","",""
"6535","WR","Kenny","Britt","4.7","1","5200","STL@WAS","STL","WAS","","","",""
"28249","RB","David","Cobb","0","0","5200","TEN@CLE","TEN","CLE","IR","Calf","",""
"14198","QB","Christian","Ponder","6.7","2","5200","BAL@OAK","OAK","BAL","","","",""
"34295","WR","Breshad","Perriman","0","0","5200","BAL@OAK","BAL","OAK","O","Knee","",""
"14320","RB","Bilal","Powell","8.8","1","5200","NYJ@IND","NYJ","IND","","","",""
"14307","WR","Cecil","Shorts","7.7","1","5200","HOU@CAR","HOU","CAR","","","",""
"33260","WR","DeVante","Parker","0","1","5200","MIA@JAC","MIA","JAC","","","",""
"6488","WR","Dwayne","Bowe","7.1","15","5200","TEN@CLE","CLE","TEN","Q","Hamstring","",""
"27457","WR","Kenny","Stills","1.7","1","5200","MIA@JAC","MIA","JAC","","","",""
"46882","RB","Jay","Ajayi","0","0","5200","MIA@JAC","MIA","JAC","IR","Ribs","",""
"6373","QB","Derek","Anderson","8.4","6","5200","HOU@CAR","CAR","HOU","","","",""
"31073","RB","Knile","Davis","3.3","1","5200","DEN@KC","KC","DEN","","","",""
"8071","QB","Dan","Orlovsky","2.5","1","5200","DET@MIN","DET","MIN","","","",""
"47294","RB","Terrence","Franks","0","0","5200","STL@WAS","STL","WAS","","","",""
"25813","WR","Phillip","Dorsett","3.5","1","5200","NYJ@IND","IND","NYJ","","","",""
"8051","QB","Luke","McCown","0","1","5200","TB@NO","NO","TB","","","",""
"6814","QB","Tarvaris","Jackson","6.1","1","5200","SEA@GB","SEA","GB","","","",""
"7900","K","Stephen","Gostkowski","4","1","5200","NE@BUF","NE","BUF","","","",""
"23045","K","Justin","Tucker","10","1","5200","BAL@OAK","BAL","OAK","","","",""
"7919","QB","Kellen","Clemens","3.4","2","5200","SD@CIN","SD","CIN","","","",""
"28860","RB","Montee","Ball","6.4","5","5200","DEN@KC","DEN","KC","","","",""
"6863","TE","Delanie","Walker","11.8","1","5200","TEN@CLE","TEN","CLE","Q","Hand","",""
"7761","TE","Jared","Cook","11","1","5200","STL@WAS","STL","WAS","","","",""
"7744","QB","Drew","Stanton","10.9","9","5200","ARI@CHI","ARI","CHI","","","",""
"11609","RB","James","Starks","0.2","1","5200","SEA@GB","GB","SEA","","","",""
"14339","RB","Dion","Lewis","14","1","5200","NE@BUF","NE","BUF","","","",""
"29780","TE","Zach","Ertz","6.1","1","5200","DAL@PHI","PHI","DAL","","","",""
"22003","RB","Ronnie","Hillman","4.1","1","5100","DEN@KC","DEN","KC","","","",""
"29685","WR","Robert","Woods","3.7","1","5100","NE@BUF","BUF","NE","","","",""
"44952","RB","Dri","Archer","0","1","5100","SF@PIT","PIT","SF","","","",""
"41807","RB","Michael","Dyer","0","0","5100","BAL@OAK","OAK","BAL","","","",""
"22898","RB","Brandon","Bolden","1.8","1","5100","NE@BUF","NE","BUF","","","",""
"14237","TE","Kyle","Rudolph","7.8","1","5100","DET@MIN","MIN","DET","","","",""
"29500","WR","Markus","Wheaton","9","1","5100","SF@PIT","PIT","SF","","","",""
"39373","WR","Jaelen","Strong","0","0","5100","HOU@CAR","HOU","CAR","","","",""
"25410","QB","Mike","Glennon","15.9","6","5100","TB@NO","TB","NO","","","",""
"31047","QB","AJ","McCarron","0","0","5100","SD@CIN","CIN","SD","","","",""
"14696","QB","Scott","Tolzien","0","0","5100","SEA@GB","GB","SEA","","","",""
"29003","RB","Ka'Deem","Carey","1.7","14","5100","ARI@CHI","CHI","ARI","","","",""
"7952","WR","Malcom","Floyd","3.4","1","5100","SD@CIN","SD","CIN","","","",""
"6844","QB","Shaun","Hill","10.8","9","5100","DET@MIN","MIN","DET","","","",""
"6870","TE","Vernon","Davis","6.2","1","5100","SF@PIT","SF","PIT","","","",""
"6897","K","Mason","Crosby","7","1","5100","SEA@GB","GB","SEA","","","",""
"12539","D","Miami","Dolphins","0","0","5100","MIA@JAC","MIA","JAC","","","",""
"6724","K","Steven","Hauschka","11","1","5100","SEA@GB","SEA","GB","","","",""
"22054","WR","Jarius","Wright","3.2","1","5100","DET@MIN","MIN","DET","","","",""
"14344","QB","T.J.","Yates","1.6","1","5100","ATL@NYG","ATL","NYG","","","",""
"31280","K","Cody","Parkey","6","1","5000","DAL@PHI","PHI","DAL","","","",""
"14952","K","Dan","Bailey","9","1","5000","DAL@PHI","DAL","PHI","","","",""
"30298","TE","Jordan","Reed","15.8","1","5000","STL@WAS","WAS","STL","","","",""
"25760","WR","Allen","Hurns","6.5","1","5000","MIA@JAC","JAC","MIA","","","",""
"11454","RB","Dexter","McCluster","0.8","1","5000","TEN@CLE","TEN","CLE","","","",""
"11436","QB","Tim","Tebow","0","0","5000","DAL@PHI","PHI","DAL","","","",""
"14761","WR","Andre","Holmes","0","1","5000","BAL@OAK","OAK","BAL","","","",""
"12555","D","Baltimore","Ravens","0","0","5000","BAL@OAK","BAL","OAK","","","",""
"39492","TE","Josh","Hill","0","1","5000","TB@NO","NO","TB","","","",""
"28930","RB","James","White","0","1","5000","NE@BUF","NE","BUF","","","",""
"22165","RB","Bryce","Brown","5.2","7","5000","NE@BUF","BUF","NE","","","",""
"10647","K","Matt","Bryant","17","1","5000","ATL@NYG","ATL","NYG","","","",""
"26094","WR","Brandon","Coleman","12.1","1","5000","TB@NO","NO","TB","","","",""
"6682","TE","Owen","Daniels","1.5","1","5000","DEN@KC","DEN","KC","","","",""
"6668","K","Adam","Vinatieri","0","1","5000","NYJ@IND","IND","NYJ","","","",""
"11562","TE","Andrew","Quarless","0","1","5000","SEA@GB","GB","SEA","","","",""
"6688","WR","Jerricho","Cotchery","12.5","1","5000","HOU@CAR","CAR","HOU","","","",""
"6702","K","Phil","Dawson","8","1","5000","SF@PIT","SF","PIT","","","",""
"22128","QB","Ryan","Lindley","9.1","3","5000","NE@BUF","NE","BUF","","","",""
"22018","WR","Mohamed","Sanu","4.4","1","5000","SD@CIN","CIN","SD","","","",""
"22035","WR","Travis","Benjamin","16.4","1","5000","TEN@CLE","CLE","TEN","","","",""
"27050","WR","Tyler","Lockett","11.4","1","5000","SEA@GB","SEA","GB","","","",""
"21984","RB","Isaiah","Pead","-1.7","1","4900","STL@WAS","STL","WAS","","","",""
"21971","TE","Coby","Fleener","3","1","4900","NYJ@IND","IND","NYJ","","","",""
"26247","K","Brandon","McManus","18","1","4900","DEN@KC","DEN","KC","","","",""
"6610","WR","Nate","Washington","13.5","1","4900","HOU@CAR","HOU","CAR","","","",""
"34288","WR","Rannell","Hall","0","0","4900","TB@NO","TB","NO","","","",""
"34275","RB","Storm","Johnson","3.5","6","4900","MIA@JAC","JAC","MIA","","","",""
"37245","RB","Foswhitt","Whittaker","1.5","1","4900","HOU@CAR","CAR","HOU","","","",""
"32354","WR","Malcome","Kennedy","0","0","4900","TB@NO","NO","TB","","","",""
"47953","WR","Lucky","Whitehead","0","1","4900","DAL@PHI","DAL","PHI","","","",""
"10158","TE","Scott","Chandler","6.6","1","4900","NE@BUF","NE","BUF","","","",""
"38301","TE","Darren","Fells","16.2","1","4900","ARI@CHI","ARI","CHI","","","",""
"26458","WR","Tavon","Austin","14.5","1","4900","STL@WAS","STL","WAS","","","",""
"14905","WR","Kamar","Aiken","0.4","1","4900","BAL@OAK","BAL","OAK","","","",""
"14757","RB","Matt","Asiata","4.2","1","4900","DET@MIN","MIN","DET","","","",""
"30807","TE","Mychal","Rivera","0.9","1","4900","BAL@OAK","OAK","BAL","","","",""
"22163","WR","Rishard","Matthews","11.4","1","4900","MIA@JAC","MIA","JAC","","","",""
"39900","RB","Khiry","Robinson","9.5","1","4900","TB@NO","NO","TB","","","",""
"12538","D","St Louis","Rams","0","0","4900","STL@WAS","STL","WAS","","","",""
"27134","WR","Dorial","Green-Beckham","0","1","4900","TEN@CLE","TEN","CLE","","","",""
"28080","WR","Devin","Funchess","1.4","1","4900","HOU@CAR","CAR","HOU","","","",""
"6636","K","Mike","Nugent","9","1","4800","SD@CIN","CIN","SD","","","",""
"25272","TE","Eric","Ebron","13.3","1","4800","DET@MIN","DET","MIN","","","",""
"43956","QB","David","Fales","0","0","4800","ARI@CHI","CHI","ARI","","","",""
"26355","QB","Logan","Thomas","3.6","2","4800","MIA@JAC","MIA","JAC","","","",""
"29605","QB","Matt","Barkley","0","1","4800","ARI@CHI","ARI","CHI","","","",""
"22958","RB","Bobby","Rainey","1.9","1","4800","TB@NO","TB","NO","","","",""
"45797","QB","Garrett","Grayson","0","0","4800","TB@NO","NO","TB","","","",""
"47640","RB","Branden","Oliver","2.6","1","4800","SD@CIN","SD","CIN","","","",""
"29445","QB","Sean","Mannion","0","0","4800","STL@WAS","STL","WAS","","","",""
"22994","QB","Case","Keenum","12.4","2","4800","STL@WAS","STL","WAS","","","",""
"10030","WR","Harry","Douglas","9.4","1","4800","TEN@CLE","TEN","CLE","","","",""
"30364","QB","Aaron","Murray","0","0","4800","DEN@KC","KC","DEN","","","",""
"26498","WR","Stedman","Bailey","7.3","1","4800","STL@WAS","STL","WAS","","","",""
"54705","QB","Dustin","Vaughan","0","0","4800","DAL@PHI","DAL","PHI","","","",""
"6387","WR","Miles","Austin","3.2","1","4800","DAL@PHI","PHI","DAL","","","",""
"22774","RB","Jonas","Gray","9.1","8","4800","MIA@JAC","MIA","JAC","","","",""
"11479","RB","Toby","Gerhart","5.1","14","4800","MIA@JAC","JAC","MIA","Q","Abdomen","",""
"24760","QB","Sean","Renfree","0","0","4800","ATL@NYG","ATL","NYG","","","",""
"11500","QB","Colt","McCoy","13.2","5","4800","STL@WAS","WAS","STL","","","",""
"33714","K","Cairo","Santos","10","1","4800","DEN@KC","KC","DEN","","","",""
"8023","QB","Josh","Johnson","0","0","4800","NYJ@IND","NYJ","IND","","","",""
"10354","RB","Marcel","Reece","16.1","1","4800","BAL@OAK","OAK","BAL","","","",""
"22292","RB","Lance","Dunbar","11","1","4800","DAL@PHI","DAL","PHI","","","",""
"7975","RB","Mike","Tolbert","2.3","1","4800","HOU@CAR","CAR","HOU","","","",""
"6810","K","Dan","Carpenter","11","1","4800","NE@BUF","BUF","NE","","","",""
"31798","QB","Bryce","Petty","0","0","4800","NYJ@IND","NYJ","IND","","","",""
"6831","QB","Matt","Hasselbeck","4.2","4","4800","NYJ@IND","IND","NYJ","","","",""
"30788","QB","Tyler","Bray","0","0","4800","DEN@KC","KC","DEN","O","Knee","",""
"6910","K","Robbie","Gould","14","1","4800","ARI@CHI","CHI","ARI","","","",""
"22187","QB","Chandler","Harnish","0","0","4800","ARI@CHI","ARI","CHI","","","",""
"11761","QB","Thaddeus","Lewis","0","0","4800","TEN@CLE","CLE","TEN","","","",""
"29915","QB","Brett","Hundley","0","0","4800","SEA@GB","GB","SEA","","","",""
"6884","WR","Hakeem","Nicks","5.2","16","4800","TEN@CLE","TEN","CLE","","","",""
"22109","K","Greg","Zuerlein","10","1","4800","STL@WAS","STL","WAS","","","",""
"22100","K","Randy","Bullock","7","1","4800","HOU@CAR","HOU","CAR","","","",""
"7788","WR","Louis","Murphy","0","1","4800","TB@NO","TB","NO","","","",""
"30910","RB","Zac","Stacy","4.3","13","4800","NYJ@IND","NYJ","IND","","","",""
"11615","QB","Joe","Webb","0","1","4800","HOU@CAR","CAR","HOU","","","",""
"6768","WR","Eddie","Royal","1.3","1","4800","ARI@CHI","CHI","ARI","P","Head","",""
"14362","TE","Charles","Clay","6.3","1","4800","NE@BUF","BUF","NE","P","Knee","",""
"24891","RB","Chris","Thompson","1.1","1","4800","STL@WAS","WAS","STL","","","",""
"6627","WR","Ted","Ginn Jr.","6.4","1","4700","HOU@CAR","CAR","HOU","","","",""
"33137","WR","Justin","Hardy","0","0","4700","ATL@NYG","ATL","NYG","","","",""
"14274","TE","Rob","Housler","0","1","4700","TEN@CLE","CLE","TEN","","","",""
"29314","TE","Richard","Rodgers","5.3","1","4700","SEA@GB","GB","SEA","","","",""
"22762","WR","Chris","Owusu","7.5","1","4700","NYJ@IND","NYJ","IND","","","",""
"12550","D","Seattle","Seahawks","0","0","4700","SEA@GB","SEA","GB","","","",""
"12553","D","Carolina","Panthers","0","0","4700","HOU@CAR","CAR","HOU","","","",""
"24569","K","Chandler","Catanzaro","8","1","4700","ARI@CHI","ARI","CHI","","","",""
"22234","RB","Chris","Polk","3.6","1","4700","HOU@CAR","HOU","CAR","","","",""
"7831","K","Sebastian","Janikowski","1","1","4700","BAL@OAK","OAK","BAL","","","",""
"6896","WR","Greg","Jennings","4.4","1","4700","MIA@JAC","MIA","JAC","","","",""
"11766","TE","Jeff","Cumberland","0","1","4700","NYJ@IND","NYJ","IND","","","",""
"30733","WR","Cordarrelle","Patterson","0.6","1","4700","DET@MIN","MIN","DET","","","",""
"6672","TE","Marcedes","Lewis","0","1","4700","MIA@JAC","JAC","MIA","","","",""
"29734","WR","Ty","Montgomery","0","1","4700","SEA@GB","GB","SEA","","","",""
"22110","K","Blair","Walsh","3","1","4700","DET@MIN","MIN","DET","","","",""
"24907","RB","Karlos","Williams","11.5","1","4700","NE@BUF","BUF","NE","","","",""
"6664","TE","Jacob","Tamme","3.4","1","4700","ATL@NYG","ATL","NYG","","","",""
"11577","WR","Riley","Cooper","4","1","4700","DAL@PHI","PHI","DAL","","","",""
"24862","WR","Rashad","Greene","12.3","1","4700","MIA@JAC","JAC","MIA","Q","Back","",""
"14369","RB","Jordan","Todman","0","1","4700","SF@PIT","PIT","SF","","","",""
"22048","RB","Robert","Turbin","4.2","16","4700","TEN@CLE","CLE","TEN","O","Ankle","",""
"6782","K","Matt","Prater","4","1","4700","DET@MIN","DET","MIN","","","",""
"29593","WR","Marqise","Lee","5.2","13","4600","MIA@JAC","JAC","MIA","Q","Hamstring","",""
"6642","K","Nick","Folk","7","1","4600","NYJ@IND","NYJ","IND","","","",""
"15176","K","Kai","Forbath","5","1","4600","STL@WAS","WAS","STL","","","",""
"28346","TE","Maxx","Williams","2","1","4600","BAL@OAK","BAL","OAK","","","",""
"14240","TE","Lance","Kendricks","11.2","1","4600","STL@WAS","STL","WAS","","","",""
"14301","RB","Kendall","Hunter","0","0","4600","SF@PIT","SF","PIT","IR","Undisclosed","",""
"28502","WR","Devin","Smith","0","0","4600","NYJ@IND","NYJ","IND","P","Ribs","",""
"8117","WR","Danny","Amendola","3.4","1","4600","NE@BUF","NE","BUF","","","",""
"12546","D","Arizona","Cardinals","0","0","4600","ARI@CHI","ARI","CHI","","","",""
"12556","D","Houston","Texans","0","0","4600","HOU@CAR","HOU","CAR","","","",""
"44351","WR","L.T.","Smith","0","0","4600","NYJ@IND","IND","NYJ","","","",""
"22228","TE","Chase","Ford","3.9","11","4600","DET@MIN","MIN","DET","Q","Shoulder","",""
"29827","TE","Joseph","Fauria","2.6","7","4600","ARI@CHI","ARI","CHI","","","",""
"10744","K","Graham","Gano","10","1","4600","HOU@CAR","CAR","HOU","","","",""
"6904","WR","Devin","Hester","5.9","16","4600","ATL@NYG","ATL","NYG","Q","Toe","",""
"6676","K","Josh","Scobee","8","1","4600","SF@PIT","PIT","SF","","","",""
"11538","TE","Garrett","Graham","0","1","4600","HOU@CAR","HOU","CAR","","","",""
"12534","D","Tennessee","Titans","0","0","4600","TEN@CLE","TEN","CLE","","","",""
"12529","D","Cleveland","Browns","0","0","4600","TEN@CLE","CLE","TEN","","","",""
"12528","D","Cincinnati","Bengals","0","0","4600","SD@CIN","CIN","SD","","","",""
"11556","TE","Michael","Hoomanawanui","0","1","4600","NE@BUF","NE","BUF","","","",""
"6778","TE","Anthony","Fasano","2.3","1","4600","TEN@CLE","TEN","CLE","","","",""
"28144","TE","Dion","Sims","0","1","4600","MIA@JAC","MIA","JAC","Q","Concussion","",""
"6767","K","Ryan","Succop","6","1","4600","TEN@CLE","TEN","CLE","","","",""
"22000","RB","LaMichael","James","0","1","4500","MIA@JAC","MIA","JAC","","","",""
"47828","RB","Antonio","Andrews","0.5","4","4500","TEN@CLE","TEN","CLE","Q","Hamstring","",""
"6567","TE","David","Johnson","0","1","4500","SD@CIN","SD","CIN","","","",""
"28202","RB","Jeremy","Langford","0.1","1","4500","ARI@CHI","CHI","ARI","","","",""
"30598","TE","Rory","Anderson","0","0","4500","SF@PIT","SF","PIT","IR","Ankle","",""
"21990","WR","Ryan","Broyles","0.7","5","4500","DET@MIN","DET","MIN","","","",""
"33037","WR","Kenbrell","Thompkins","2.7","14","4500","NE@BUF","NE","BUF","","","",""
"34125","WR","Geremy","Davis","0","1","4500","ATL@NYG","NYG","ATL","","","",""
"61247","TE","Joe Don","Duncan","0","0","4500","DEN@KC","DEN","KC","","","",""
"64104","RB","Terrell","Watson","0","0","4500","SD@CIN","CIN","SD","","","",""
"29672","RB","Silas","Redd","1.9","15","4500","STL@WAS","WAS","STL","IR","Knee","",""
"22800","RB","Derrick","Coleman","0.2","1","4500","SEA@GB","SEA","GB","","","",""
"30635","RB","Mike","Davis","0","0","4500","SF@PIT","SF","PIT","","","",""
"34154","WR","Jamarcus","Nelson","0","1","4500","ARI@CHI","ARI","CHI","","","",""
"26343","WR","Corey","Fuller","0","1","4500","DET@MIN","DET","MIN","","","",""
"34073","TE","Ryan","Griffin","2.3","1","4500","HOU@CAR","HOU","CAR","O","Knee","",""
"27199","RB","Marcus","Murphy","0","1","4500","TB@NO","NO","TB","","","",""
"64014","WR","Avius","Capers","0","0","4500","HOU@CAR","CAR","HOU","","","",""
"30667","TE","Justice","Cunningham","0","0","4500","STL@WAS","STL","WAS","","","",""
"30709","WR","Bruce","Ellington","1.5","1","4500","SF@PIT","SF","PIT","","","",""
"22849","TE","Cory","Harkey","0","1","4500","STL@WAS","STL","WAS","","","",""
"6597","TE","Craig","Stevens","0","1","4500","TEN@CLE","TEN","CLE","","","",""
"6595","TE","Matt","Spaeth","0","1","4500","SF@PIT","PIT","SF","","","",""
"6622","WR","Eric","Weems","0","1","4500","ATL@NYG","ATL","NYG","","","",""
"64042","RB","LaVance","Taylor","0","0","4500","DEN@KC","KC","DEN","","","",""
"64045","WR","Trent","Steelman","0","0","4500","BAL@OAK","BAL","OAK","","","",""
"64046","WR","Ed","Williams","0","0","4500","SEA@GB","GB","SEA","","","",""
"14230","RB","Ryan","Williams","0","0","4500","DAL@PHI","DAL","PHI","","","",""
"11829","WR","Preston","Parker","3.6","1","4500","ATL@NYG","NYG","ATL","","","",""
"62985","WR","Jeret","Smith","0","0","4500","DEN@KC","KC","DEN","","","",""
"15178","RB","Chase","Reynolds","0","1","4500","STL@WAS","STL","WAS","Q","Knee","",""
"27378","RB","Trey","Millard","0","0","4500","SF@PIT","SF","PIT","","","",""
"28311","TE","MarQueis","Gray","0","1","4500","NE@BUF","BUF","NE","","","",""
"22920","TE","Derek","Carrier","1.8","1","4500","STL@WAS","WAS","STL","","","",""
"14265","WR","Austin","Pettis","4.8","5","4500","SD@CIN","SD","CIN","","","",""
"29540","RB","Terron","Ward","0","1","4500","ATL@NYG","ATL","NYG","","","",""
"6422","TE","Gary","Barnidge","5.3","1","4500","TEN@CLE","CLE","TEN","","","",""
"27338","RB","Rex","Burkhead","2.9","1","4500","SD@CIN","CIN","SD","","","",""
"22938","WR","Rod","Streater","1.3","1","4500","BAL@OAK","OAK","BAL","","","",""
"14253","WR","Greg","Little","1.9","6","4500","SD@CIN","CIN","SD","","","",""
"55536","WR","Tyler","McDonald","0","0","4500","MIA@JAC","MIA","JAC","","","",""
"33232","RB","Dominique","Brown","0","0","4500","SF@PIT","PIT","SF","","","",""
"23023","TE","Cooper","Helfet","0","1","4500","SEA@GB","SEA","GB","","","",""
"14297","WR","Greg","Salas","2.9","10","4500","DET@MIN","DET","MIN","","","",""
"33242","WR","Kai","De La Cruz","0","0","4500","MIA@JAC","MIA","JAC","","","",""
"28408","WR","Kyle","Prater","0","0","4500","TB@NO","NO","TB","","","",""
"14302","WR","Kris","Durham","2.1","4","4500","BAL@OAK","OAK","BAL","","","",""
"14277","WR","Vincent","Brown","2.5","7","4500","NYJ@IND","IND","NYJ","","","",""
"15121","WR","Chris","Matthews","1.3","1","4500","SEA@GB","SEA","GB","","","",""
"14283","WR","Leonard","Hankerson","2.6","1","4500","ATL@NYG","ATL","NYG","","","",""
"45723","TE","Crockett","Gillmore","3.3","1","4500","BAL@OAK","BAL","OAK","","","",""
"6522","K","Josh","Brown","17","1","4500","ATL@NYG","NYG","ATL","","","",""
"30591","WR","Ace","Sanders","1","12","4500","MIA@JAC","JAC","MIA","","","",""
"11870","WR","Seyi","Ajirotutu","0","1","4500","DAL@PHI","PHI","DAL","Q","Concussion","",""
"22991","RB","Jonathan","Grimes","3.5","1","4500","HOU@CAR","HOU","CAR","","","",""
"64160","WR","Arthur","Williams","0","0","4500","NYJ@IND","NYJ","IND","","","",""
"31675","RB","Josh","Robinson","1.1","1","4500","NYJ@IND","IND","NYJ","","","",""
"14304","TE","Luke","Stocker","0","1","4500","TB@NO","TB","NO","","","",""
"26199","WR","Jarrod","West","0","0","4500","SF@PIT","PIT","SF","","","",""
"27266","WR","Quincy","Enunwa","0","1","4500","NYJ@IND","NYJ","IND","","","",""
"27269","RB","Braylon","Heard","0","0","4500","SF@PIT","PIT","SF","","","",""
"54782","TE","Cameron","Brate","0.4","5","4500","TB@NO","TB","NO","","","",""
"7394","TE","Brandon","Pettigrew","0","1","4500","DET@MIN","DET","MIN","Q","Undisclosed","",""
"54753","WR","Taylor","Gabriel","3","1","4500","TEN@CLE","CLE","TEN","","","",""
"25561","WR","Michael","Campanaro","1.3","1","4500","BAL@OAK","BAL","OAK","","","",""
"12903","WR","Andrew","Hawkins","3.9","1","4500","TEN@CLE","CLE","TEN","","","",""
"30385","WR","Marlon","Brown","3.5","1","4500","BAL@OAK","BAL","OAK","","","",""
"31329","WR","Russell","Shepard","1.1","1","4500","TB@NO","TB","NO","","","",""
"15006","RB","Shaun","Draughn","0.4","1","4500","TEN@CLE","CLE","TEN","","","",""
"30403","WR","Chris","Conley","0","1","4500","DEN@KC","KC","DEN","","","",""
"30414","WR","Michael","Bennett","0","0","4500","SD@CIN","CIN","SD","","","",""
"6388","WR","Jason","Avant","0","1","4500","DEN@KC","KC","DEN","P","Hip","",""
"44791","RB","Bronson","Hill","0","0","4500","ARI@CHI","CHI","ARI","","","",""
"39411","TE","Gavin","Escobar","7.8","1","4500","DAL@PHI","DAL","PHI","","","",""
"27445","WR","Jalen","Saunders","-0.1","9","4500","ARI@CHI","CHI","ARI","","","",""
"29340","WR","Josh","Huff","2.9","1","4500","DAL@PHI","PHI","DAL","","","",""
"31241","WR","Sammie","Coates","0","0","4500","SF@PIT","PIT","SF","","","",""
"29357","RB","Kenjon","Barner","0","0","4500","DAL@PHI","PHI","DAL","","","",""
"15032","RB","Henry","Hynoski","0.1","16","4500","ATL@NYG","NYG","ATL","","","",""
"28486","WR","Corey (Philly)","Brown","2.3","1","4500","HOU@CAR","CAR","HOU","","","",""
"28487","TE","Jeff","Heuerman","0","0","4500","DEN@KC","DEN","KC","IR","Knee","",""
"27403","TE","Blake","Bell","0","1","4500","SF@PIT","SF","PIT","","","",""
"29351","WR","De'Anthony","Thomas","1.6","1","4500","DEN@KC","KC","DEN","P","Calf","",""
"54663","WR","Seantavius","Jones","0","1","4500","TB@NO","NO","TB","","","",""
"32410","RB","Trey","Williams","0","0","4500","STL@WAS","WAS","STL","","","",""
"34014","WR","Aaron","Dobson","1.4","1","4500","NE@BUF","NE","BUF","","","",""
"30249","WR","Frankie","Hammond","0.4","16","4500","DEN@KC","KC","DEN","","","",""
"64487","WR","Adam","Drake","0","0","4500","DEN@KC","KC","DEN","","","",""
"44560","TE","Alex","Bayer","0","6","4500","SD@CIN","SD","CIN","","","",""
"54623","WR","Jeff","Janis","0","1","4500","SEA@GB","GB","SEA","","","",""
"7244","RB","John","Kuhn","0","1","4500","SEA@GB","GB","SEA","","","",""
"32418","RB","Christine","Michael","1.9","10","4500","DAL@PHI","DAL","PHI","","","",""
"25420","RB","Tony","Creecy","0","0","4500","NE@BUF","NE","BUF","","","",""
"12055","TE","Logan","Paulsen","1.1","16","4500","STL@WAS","WAS","STL","IR","Toe","",""
"30259","WR","Solomon","Patton","0.3","7","4500","DEN@KC","DEN","KC","","","",""
"32429","K","Josh","Lambo","9","1","4500","SD@CIN","SD","CIN","","","",""
"44670","TE","Deon","Butler","0","0","4500","DET@MIN","DET","MIN","","","",""
"30297","TE","Trey","Burton","0","1","4500","DAL@PHI","PHI","DAL","","","",""
"22754","TE","Garrett","Celek","5.5","1","4500","SF@PIT","SF","PIT","","","",""
"46001","RB","Joey","Iosefa","0","0","4500","TB@NO","TB","NO","","","",""
"33007","TE","Blake","Annen","0","5","4500","TB@NO","NO","TB","","","",""
"33981","TE","Eric","Frohnapfel","0","0","4500","SD@CIN","SD","CIN","","","",""
"32045","TE","Vance","McDonald","1","1","4500","SF@PIT","SF","PIT","","","",""
"62628","WR","DeAndre","Carter","0","0","4500","BAL@OAK","BAL","OAK","","","",""
"62631","RB","Gus","Johnson","0","0","4500","DAL@PHI","DAL","PHI","","","",""
"24797","RB","Juwan","Thompson","0","1","4500","DEN@KC","DEN","KC","","","",""
"14837","WR","Jeremy","Ross","2.8","16","4500","BAL@OAK","BAL","OAK","","","",""
"39615","TE","Brandon","Williams","0","1","4500","HOU@CAR","CAR","HOU","","","",""
"30108","WR","Marquess","Wilson","6.9","1","4500","ARI@CHI","CHI","ARI","","","",""
"25775","TE","Clive","Walford","0.6","1","4500","BAL@OAK","OAK","BAL","","","",""
"32000","TE","Luke","Willson","0","1","4500","SEA@GB","SEA","GB","","","",""
"14815","WR","Joseph","Morgan","3.6","5","4500","TB@NO","NO","TB","","","",""
"25783","RB","Mike","James","0.3","11","4500","TB@NO","TB","NO","","","",""
"62619","K","Andrew","Franks","5","1","4500","MIA@JAC","MIA","JAC","","","",""
"62616","RB","Zach","Zenner","0.6","1","4500","DET@MIN","DET","MIN","","","",""
"38517","RB","Dreamius","Smith","0","0","4500","SD@CIN","SD","CIN","","","",""
"33541","K","Kyle","Brindza","2","1","4500","TB@NO","TB","NO","","","",""
"60745","K","Jason","Myers","3","1","4500","MIA@JAC","JAC","MIA","","","",""
"10382","RB","Chris","Ogbonnaya","1.6","7","4500","ATL@NYG","NYG","ATL","","","",""
"31036","WR","Kevin","Norwood","1.6","9","4500","HOU@CAR","CAR","HOU","","","",""
"27771","WR","Cody","Latimer","0","1","4500","DEN@KC","DEN","KC","","","",""
"11504","WR","Andre","Roberts","5.1","1","4500","STL@WAS","WAS","STL","","","",""
"48344","WR","Albert","Wilson","4","1","4500","DEN@KC","KC","DEN","P","Shoulder","",""
"11488","TE","Ed","Dickson","1.4","1","4500","HOU@CAR","CAR","HOU","","","",""
"22447","WR","Griff","Whalen","0","1","4500","NYJ@IND","IND","NYJ","","","",""
"24755","WR","Jamison","Crowder","0.7","1","4500","STL@WAS","WAS","STL","","","",""
"62508","TE","James","O'Shaughnessy","0","1","4500","DEN@KC","KC","DEN","","","",""
"39445","WR","Brice","Butler","3.4","15","4500","BAL@OAK","OAK","BAL","","","",""
"62510","TE","Nick","Boyle","0","1","4500","BAL@OAK","BAL","OAK","","","",""
"62505","TE","MyCole","Pruitt","0","1","4500","DET@MIN","MIN","DET","","","",""
"60800","RB","Jarryd","Hayne","0.5","1","4500","SF@PIT","SF","PIT","","","",""
"31207","TE","C.J.","Uzomah","0","0","4500","SD@CIN","CIN","SD","","","",""
"33703","WR","Ryan","Grant","2","1","4500","STL@WAS","WAS","STL","","","",""
"29994","K","Travis","Coons","4","1","4500","TEN@CLE","CLE","TEN","","","",""
"14704","WR","Chris","Hogan","0","1","4500","NE@BUF","BUF","NE","","","",""
"39428","RB","Kyle","Juszczyk","3.7","1","4500","BAL@OAK","BAL","OAK","","","",""
"39427","WR","Quinton","Patton","0","1","4500","SF@PIT","SF","PIT","","","",""
"22336","WR","Josh","Bellamy","0","1","4500","ARI@CHI","CHI","ARI","","","",""
"6951","TE","James","Casey","0","1","4500","DEN@KC","DEN","KC","","","",""
"33691","RB","Orleans","Darkwa","0","1","4500","ATL@NYG","NYG","ATL","","","",""
"16923","TE","Austin","Seferian-Jenkins","25.5","1","4500","TB@NO","TB","NO","","","",""
"25654","RB","Tommy","Bohanon","0.2","1","4500","NYJ@IND","NYJ","IND","","","",""
"31188","TE","Chris","Gragg","1.4","10","4500","NE@BUF","BUF","NE","","","",""
"14683","RB","Patrick","DiMarco","0","1","4500","ATL@NYG","ATL","NYG","","","",""
"39512","RB","Kendall","Gaskins","0","0","4500","SF@PIT","SF","PIT","","","",""
"14629","WR","Ricardo","Lockette","0","1","4500","SEA@GB","SEA","GB","","","",""
"32234","RB","Malcolm","Brown","0","0","4500","STL@WAS","STL","WAS","","","",""
"24589","WR","Jaron","Brown","1.3","1","4500","ARI@CHI","ARI","CHI","","","",""
"44361","RB","Jawon","Chisholm","0","0","4500","SF@PIT","PIT","SF","","","",""
"32243","WR","Marquise","Goodwin","0.6","10","4500","NE@BUF","BUF","NE","Q","Ribs","",""
"14645","WR","Dontrelle","Inman","3.1","7","4500","SD@CIN","SD","CIN","","","",""
"7001","TE","Kellen","Davis","0","1","4500","NYJ@IND","NYJ","IND","","","",""
"14649","TE","Kyle","Miller","0","1","4500","SD@CIN","SD","CIN","","","",""
"62534","TE","Brian","Parker","0","0","4500","DEN@KC","KC","DEN","","","",""
"9442","WR","Brandon","Tate","0","1","4500","SD@CIN","CIN","SD","","","",""
"39539","TE","Brian","Leonhardt","1","12","4500","BAL@OAK","OAK","BAL","","","",""
"31109","K","Zach","Hocker","14","1","4500","TB@NO","NO","TB","","","",""
"26799","TE","Ernst","Brun Jr.","0","0","4500","STL@WAS","WAS","STL","","","",""
"27878","RB","Mark","Weisman","0","0","4500","SD@CIN","CIN","SD","","","",""
"39521","WR","Da'Rick","Rogers","0","0","4500","DEN@KC","KC","DEN","","","",""
"28936","WR","Kenzel","Doe","0","0","4500","SF@PIT","PIT","SF","","","",""
"11648","TE","Jim","Dray","1.8","1","4500","TEN@CLE","CLE","TEN","","","",""
"6809","WR","Brian","Hartline","3","1","4500","TEN@CLE","CLE","TEN","","","",""
"25052","RB","Zach","Laskey","0","0","4500","STL@WAS","STL","WAS","","","",""
"27908","TE","C.J.","Fiedorowicz","2","1","4500","HOU@CAR","HOU","CAR","","","",""
"10695","RB","Darrel","Young","0.5","1","4500","STL@WAS","WAS","STL","","","",""
"11671","RB","Erik","Lorig","1.2","10","4500","TB@NO","NO","TB","","","",""
"63858","WR","AJ","Cruz","0","0","4500","ARI@CHI","CHI","ARI","","","",""
"44163","WR","James","Butler","0","0","4500","SEA@GB","GB","SEA","","","",""
"22235","RB","Jeremy","Stewart","0.6","6","4500","DEN@KC","DEN","KC","","","",""
"23055","TE","Brandon","Bostick","0.6","13","4500","ARI@CHI","ARI","CHI","","","",""
"26038","TE","Tyler","Kroft","0","1","4500","SD@CIN","CIN","SD","","","",""
"30805","K","Michael","Palardy","0","0","4500","STL@WAS","STL","WAS","","","",""
"25079","WR","Stefon","Diggs","0","0","4500","DET@MIN","MIN","DET","","","",""
"6828","RB","Tim","Hightower","0","0","4500","TB@NO","NO","TB","","","",""
"22258","RB","Travaris","Cadet","3.6","15","4500","NE@BUF","NE","BUF","Q","Hamstring","",""
"39859","TE","Jack","Doyle","0","1","4500","NYJ@IND","IND","NYJ","","","",""
"23076","RB","Jorvorskie","Lane","0","1","4500","TB@NO","TB","NO","","","",""
"6823","TE","John","Phillips","0","1","4500","SD@CIN","SD","CIN","","","",""
"22144","WR","Tommy","Streeter","0","2","4500","MIA@JAC","MIA","JAC","","","",""
"30775","WR","Justin","Hunter","1.6","1","4500","TEN@CLE","TEN","CLE","","","",""
"11718","WR","David","Nelson","1.8","6","4500","SF@PIT","PIT","SF","IR","Undisclosed","",""
"26074","TE","Tim","Wright","4.7","16","4500","DET@MIN","DET","MIN","","","",""
"6868","TE","Daniel","Fells","4.8","1","4500","ATL@NYG","NYG","ATL","","","",""
"22177","WR","Junior","Hemingway","1.2","14","4500","DEN@KC","KC","DEN","","","",""
"7856","WR","Matthew","Slater","0","1","4500","NE@BUF","NE","BUF","","","",""
"22181","TE","David","Paulson","0","0","4500","SD@CIN","SD","CIN","","","",""
"7870","TE","Benjamin","Watson","3.4","1","4500","TB@NO","NO","TB","","","",""
"22185","RB","Brad","Smelley","0","0","4500","STL@WAS","STL","WAS","","","",""
"22198","WR","Brittan","Golden","0","0","4500","ARI@CHI","ARI","CHI","","","",""
"59424","TE","Taylor","Sloat","0","0","4500","TB@NO","TB","NO","","","",""
"25886","WR","Devin","Street","0","1","4500","DAL@PHI","DAL","PHI","","","",""
"6684","WR","Jacoby","Jones","0","1","4500","SD@CIN","SD","CIN","","","",""
"65926","TE","Anthony","Ezeakunne","0","0","4500","TEN@CLE","CLE","TEN","","","",""
"29728","RB","Ricky","Seale","0","0","4500","NE@BUF","BUF","NE","","","",""
"22108","RB","Vick","Ballard","0","0","4500","NYJ@IND","IND","NYJ","Q","Hamstring","",""
"6660","RB","Donald","Brown","4.5","13","4500","SD@CIN","SD","CIN","","","",""
"12542","D","New Orleans","Saints","0","0","4500","TB@NO","NO","TB","","","",""
"12533","D","Green Bay","Packers","0","0","4500","SEA@GB","GB","SEA","","","",""
"12535","D","Indianapolis","Colts","0","0","4500","NYJ@IND","IND","NYJ","","","",""
"22103","WR","Marvin","Jones","2.9","1","4500","SD@CIN","CIN","SD","","","",""
"11543","TE","Clay","Harbor","0","1","4500","MIA@JAC","JAC","MIA","","","",""
"33465","RB","Theo","Riddick","10.7","1","4500","DET@MIN","DET","MIN","","","",""
"65962","TE","Dan","Light","0","0","4500","DEN@KC","DEN","KC","","","",""
"7801","TE","Brandon","Myers","0","1","4500","TB@NO","TB","NO","","","",""
"22123","TE","James","Hanna","0","1","4500","DAL@PHI","DAL","PHI","","","",""
"39716","WR","Adam","Thielen","0","1","4500","DET@MIN","MIN","DET","","","",""
"44090","RB","Alonzo","Harris","0","0","4500","SEA@GB","GB","SEA","","","",""
"11557","RB","John","Conner","1","12","4500","NE@BUF","BUF","NE","","","",""
"6694","WR","Joshua","Cribbs","1.4","6","4500","NYJ@IND","IND","NYJ","","","",""
"14406","RB","Bruce","Miller","0","1","4500","SF@PIT","SF","PIT","","","",""
"29725","TE","Levine","Toilolo","0.9","1","4500","ATL@NYG","ATL","NYG","","","",""
"7784","WR","Darrius","Heyward-Bey","7.8","1","4500","SF@PIT","PIT","SF","","","",""
"29723","RB","Stepfan","Taylor","0","1","4500","ARI@CHI","ARI","CHI","","","",""
"22029","RB","Bernard","Pierce","0.9","1","4500","MIA@JAC","JAC","MIA","","","",""
"11594","RB","Anthony","Dixon","6.1","1","4500","NE@BUF","BUF","NE","","","",""
"7706","TE","Chase","Coffman","1.2","13","4500","TEN@CLE","TEN","CLE","","","",""
"6742","TE","Brent","Celek","1.1","1","4500","DAL@PHI","PHI","DAL","","","",""
"57348","RB","Glenn","Winston","0","5","4500","TEN@CLE","CLE","TEN","O","Knee","",""
"14394","TE","Virgil","Green","0","1","4500","DEN@KC","DEN","KC","","","",""
"22042","TE","Evan","Rodriguez","0","1","4500","TB@NO","TB","NO","","","",""
"14372","WR","Aldrick","Robinson","0.2","5","4500","BAL@OAK","BAL","OAK","","","",""
"22034","WR","Chris","Givens","0","1","4500","STL@WAS","STL","WAS","","","",""
"10531","WR","Jordan","Norwood","3.5","1","4500","DEN@KC","DEN","KC","","","",""
"14358","WR","Dwayne","Harris","1.1","1","4500","ATL@NYG","NYG","ATL","","","",""
"22063","WR","Keshawn","Martin","0.7","16","4500","HOU@CAR","HOU","CAR","","","",""
"11622","WR","Trindon","Holliday","1.7","2","4500","BAL@OAK","OAK","BAL","","","",""
"14361","TE","Richard","Gordon","0","5","4500","DEN@KC","KC","DEN","","","",""
"6783","WR","Lance","Moore","2.7","1","4500","DET@MIN","DET","MIN","","","",""
"33488","TE","Troy","Niklas","0","1","4500","ARI@CHI","ARI","CHI","","","",""
"28694","TE","Jesse","James","0","0","4500","SF@PIT","PIT","SF","","","",""
"14338","WR","Denarius","Moore","1.6","10","4500","SD@CIN","CIN","SD","","","",""
"6753","WR","Andre","Caldwell","0.6","1","4500","DEN@KC","DEN","KC","","","",""
"14336","RB","Jacquizz","Rodgers","1.6","1","4500","ARI@CHI","CHI","ARI","","","",""
"7722","WR","Kevin","Ogletree","1.2","7","4500","ATL@NYG","NYG","ATL","","","",""
"7718","RB","Cedric","Peerman","0","1","4500","SD@CIN","CIN","SD","","","",""
"22067","TE","Adrien","Robinson","0.8","16","4500","ATL@NYG","NYG","ATL","","","",""
"22065","TE","Rhett","Ellison","0.8","1","4500","DET@MIN","MIN","DET","","","",""
"11635","WR","Marc","Mariani","0","1","4500","ARI@CHI","CHI","ARI","","","",""
"14349","WR","Jeremy","Kerley","0","1","4500","NYJ@IND","NYJ","IND","","","",""
"12526","D","Buffalo","Bills","0","0","4400","NE@BUF","BUF","NE","","","",""
"12540","D","Minnesota","Vikings","0","0","4400","DET@MIN","MIN","DET","","","",""
"12536","D","Kansas City","Chiefs","0","0","4400","DEN@KC","KC","DEN","","","",""
"12545","D","Philadelphia","Eagles","0","0","4300","DAL@PHI","PHI","DAL","","","",""
"12544","D","New York","Jets","0","0","4300","NYJ@IND","NYJ","IND","","","",""
"12549","D","San Francisco","49ers","0","0","4300","SF@PIT","SF","PIT","","","",""
"12548","D","San Diego","Chargers","0","0","4300","SD@CIN","SD","CIN","","","",""
"12541","D","New England","Patriots","0","0","4300","NE@BUF","NE","BUF","","","",""
"12532","D","Detroit","Lions","0","0","4300","DET@MIN","DET","MIN","","","",""
"12547","D","Pittsburgh","Steelers","0","0","4200","SF@PIT","PIT","SF","","","",""
"12537","D","Oakland","Raiders","0","0","4200","BAL@OAK","OAK","BAL","","","",""
"12531","D","Denver","Broncos","0","0","4200","DEN@KC","DEN","KC","","","",""
"12530","D","Dallas","Cowboys","0","0","4200","DAL@PHI","DAL","PHI","","","",""
"12552","D","Washington","Redskins","0","0","4100","STL@WAS","WAS","STL","","","",""
"12554","D","Jacksonville","Jaguars","0","0","4100","MIA@JAC","JAC","MIA","","","",""
"12525","D","Atlanta","Falcons","0","0","4100","ATL@NYG","ATL","NYG","","","",""
"12543","D","New York","Giants","0","0","4100","ATL@NYG","NYG","ATL","","","",""
"12551","D","Tampa Bay","Buccaneers","0","0","4000","TB@NO","TB","NO","","","",""
"12527","D","Chicago","Bears","0","0","4000","ARI@CHI","CHI","ARI","","","",""
"66519","WR","Kendrick","Ings","0","0","3000","DET@MIN","DET","MIN","","","",""