"","Player","Points","Cost","Position"
"1","Aaron Rodgers (GB - QB)",22.9,9100,"QB"
"2","Tom Brady (NE - QB)",21.6,8700,"QB"
"3","Andrew Luck (IND - QB)",21.2,9000,"QB"
"4","Russell Wilson (SEA - QB)",20.9,8400,"QB"
"5","Ben Roethlisberger (PIT - QB)",20.7,8500,"QB"
"6","Carson Palmer (ARI - QB)",19,8100,"QB"
"7","Peyton Manning (DEN - QB) P",18.9,8200,"QB"
"8","Matt Ryan (ATL - QB)",18.8,8300,"QB"
"9","Cam Newton (CAR - QB)",18.5,7900,"QB"
"10","Eli Manning (NYG - QB)",18.4,8000,"QB"
"11","Ryan Tannehill (MIA - QB) P",18.4,8000,"QB"
"12","Philip Rivers (SD - QB)",17.9,7700,"QB"
"13","Marcus Mariota (TEN - QB)",17.4,7300,"QB"
"14","Drew Brees (NO - QB) Q",17.3,8400,"QB"
"15","Tyrod Taylor (BUF - QB) P",16.9,7000,"QB"
"16","Andy Dalton (CIN - QB)",16.8,7100,"QB"
"17","Teddy Bridgewater (MIN - QB)",16.6,6800,"QB"
"18","Colin Kaepernick (SF - QB)",16.5,7900,"QB"
"19","Sam Bradford (PHI - QB)",16.3,7200,"QB"
"20","Nick Foles (STL - QB)",16.1,6500,"QB"
"21","Ryan Fitzpatrick (NYJ - QB)",15.9,6800,"QB"
"22","Matthew Stafford (DET - QB) P",15.8,7400,"QB"
"23","Alex Smith (KC - QB)",15.6,6500,"QB"
"24","Joe Flacco (BAL - QB)",15.4,8100,"QB"
"25","Blake Bortles (JAC - QB)",15,6700,"QB"
"26","Derek Carr (OAK - QB)",14.9,6600,"QB"
"27","Jameis Winston (TB - QB)",14.6,6500,"QB"
"28","Kirk Cousins (WAS - QB)",14.5,6200,"QB"
"29","Johnny Manziel (CLE - QB) Q",14.3,6800,"QB"
"30","Ryan Mallett (HOU - QB)",14,6300,"QB"
"31","Josh McCown (CLE - QB) P",13.3,6000,"QB"
"32","Brandon Weeden (DAL - QB)",11.9,6500,"QB"
"33","Luke McCown (NO - QB)",2.9,5200,"QB"
"34","Jimmy Clausen (CHI - QB)",1.1,5300,"QB"
"35","Dan Orlovsky (DET - QB)",0.5,5200,"QB"
"36","Brian Hoyer (HOU - QB)",0.4,6300,"QB"
"37","Mark Sanchez (PHI - QB)",0.4,6100,"QB"
"38","Brock Osweiler (DEN - QB)",0.4,5600,"QB"
"39","Matt McGloin (OAK - QB)",0.4,5500,"QB"
"40","Matt Hasselbeck (IND - QB)",0.4,4800,"QB"
"41","Drew Stanton (ARI - QB)",0.4,5200,"QB"
"42","Matt Moore (MIA - QB)",0.4,5400,"QB"
"43","Scott Tolzien (GB - QB)",0.4,5100,"QB"
"44","Michael Vick (PIT - QB)",0.4,6000,"QB"
"45","Kellen Clemens (SD - QB)",0.4,5200,"QB"
"46","Jimmy Garoppolo (NE - QB)",0.4,5000,"QB"
"47","Tarvaris Jackson (SEA - QB)",0.3,5200,"QB"
"48","Mike Glennon (TB - QB)",0.3,5100,"QB"
"49","Matt Schaub (BAL - QB)",0.3,5300,"QB"
"50","Zach Mettenberger (TEN - QB)",0.3,5600,"QB"
"51","Ryan Nassib (NYG - QB)",0.3,5500,"QB"
"52","Derek Anderson (CAR - QB)",0.3,5200,"QB"
"53","Shaun Hill (MIN - QB)",0.3,5100,"QB"
"54","Case Keenum (STL - QB)",0.3,4800,"QB"
"55","Chase Daniel (KC - QB)",0.3,5400,"QB"
"56","Bryce Petty (NYJ - QB)",0.2,4800,"QB"
"57","Chad Henne (JAC - QB)",0.2,5900,"QB"
"58","Blaine Gabbert (SF - QB)",0.2,5400,"QB"
"59","Sean Renfree (ATL - QB)",0.2,4800,"QB"
"60","Colt McCoy (WAS - QB)",0.2,4800,"QB"
"61","E.J. Manuel (BUF - QB)",0.1,5500,"QB"
"62","AJ McCarron (CIN - QB)",0,5100,"QB"
"63","David Fales (CHI - QB)",0,4800,"QB"
"64","Antonio Brown (PIT - WR)",19.6,9300,"WR"
"65","Julio Jones (ATL - WR) Q",18.2,9000,"WR"
"66","Odell Beckham Jr. (NYG - WR)",17.8,9100,"WR"
"67","Demaryius Thomas (DEN - WR)",16,8400,"WR"
"68","Julian Edelman (NE - WR)",16,7700,"WR"
"69","Randall Cobb (GB - WR) P",15.7,8200,"WR"
"70","A.J. Green (CIN - WR) Q",15.3,8000,"WR"
"71","Emmanuel Sanders (DEN - WR)",14.9,8100,"WR"
"72","Brandon Marshall (NYJ - WR)",14.3,7400,"WR"
"73","Jarvis Landry (MIA - WR)",14.2,7600,"WR"
"74","DeAndre Hopkins (HOU - WR) Q",13.5,7800,"WR"
"75","Calvin Johnson (DET - WR)",13.1,8200,"WR"
"76","Allen Robinson (JAC - WR)",13.1,6600,"WR"
"77","Jordan Matthews (PHI - WR)",12.9,7100,"WR"
"78","Keenan Allen (SD - WR)",12.7,7600,"WR"
"79","Larry Fitzgerald (ARI - WR)",12.4,6700,"WR"
"80","T.Y. Hilton (IND - WR)",12.4,7600,"WR"
"81","Amari Cooper (OAK - WR)",12.4,6900,"WR"
"82","Jeremy Maclin (KC - WR)",12.2,6500,"WR"
"83","Mike Evans (TB - WR) P",12.1,7400,"WR"
"84","Steve Smith (BAL - WR)",11.9,7100,"WR"
"85","Pierre Garcon (WAS - WR)",11.5,5900,"WR"
"86","Brandin Cooks (NO - WR) Q",11.2,7000,"WR"
"87","Sammy Watkins (BUF - WR)",11.2,6800,"WR"
"88","Kendall Wright (TEN - WR)",11,5900,"WR"
"89","John Brown (ARI - WR)",11,6000,"WR"
"90","Vincent Jackson (TB - WR)",11,7200,"WR"
"91","Davante Adams (GB - WR) P",10.8,6400,"WR"
"92","Golden Tate (DET - WR)",10.8,6800,"WR"
"93","Donte Moncrief (IND - WR)",10.8,6000,"WR"
"94","Steve Johnson (SD - WR)",10.4,5900,"WR"
"95","Anquan Boldin (SF - WR)",10.3,6600,"WR"
"96","Roddy White (ATL - WR)",10.1,6100,"WR"
"97","Andre Johnson (IND - WR) P",9.9,6800,"WR"
"98","Terrance Williams (DAL - WR)",9.8,6500,"WR"
"99","Michael Crabtree (OAK - WR)",9.7,6000,"WR"
"100","James Jones (GB - WR)",9.6,5700,"WR"
"101","Mike Wallace (MIN - WR)",9.4,5800,"WR"
"102","Alshon Jeffery (CHI - WR) Q",9.4,7500,"WR"
"103","Doug Baldwin (SEA - WR)",9.3,6000,"WR"
"104","Torrey Smith (SF - WR) P",9.3,6400,"WR"
"105","Percy Harvin (BUF - WR) P",9.1,5600,"WR"
"106","Allen Hurns (JAC - WR)",8.7,5100,"WR"
"107","Eddie Royal (CHI - WR) Q",8.6,4700,"WR"
"108","Charles Johnson (MIN - WR)",8.3,5200,"WR"
"109","Eric Decker (NYJ - WR) Q",8.3,6000,"WR"
"110","Nelson Agholor (PHI - WR)",8,5300,"WR"
"111","Cole Beasley (DAL - WR)",7.8,5400,"WR"
"112","Marques Colston (NO - WR)",7.7,5300,"WR"
"113","Brandon Coleman (NO - WR)",7.4,5100,"WR"
"114","Leonard Hankerson (ATL - WR)",7.4,5700,"WR"
"115","Marvin Jones (CIN - WR)",7.2,5000,"WR"
"116","Rishard Matthews (MIA - WR)",7.1,5700,"WR"
"117","Cecil Shorts (HOU - WR)",6.9,5200,"WR"
"118","Tyler Lockett (SEA - WR)",6.9,5000,"WR"
"119","Travis Benjamin (CLE - WR)",6.9,5600,"WR"
"120","Rueben Randle (NYG - WR)",6.8,5400,"WR"
"121","Markus Wheaton (PIT - WR)",6.7,5200,"WR"
"122","Kenny Britt (STL - WR)",6.6,5400,"WR"
"123","Darrius Heyward-Bey (PIT - WR)",6.6,5300,"WR"
"124","Nate Washington (HOU - WR)",6.6,5300,"WR"
"125","Michael Floyd (ARI - WR)",6.5,5200,"WR"
"126","Danny Amendola (NE - WR)",6.4,4600,"WR"
"127","Ted Ginn (CAR - WR)",6.4,5200,"WR"
"128","Aaron Dobson (NE - WR)",6.2,5000,"WR"
"129","Tavon Austin (STL - WR)",6.1,5300,"WR"
"130","Marquess Wilson (CHI - WR) Q",6.1,4500,"WR"
"131","Kamar Aiken (BAL - WR)",6,5600,"WR"
"132","Andrew Hawkins (CLE - WR)",5.9,4500,"WR"
"133","Malcom Floyd (SD - WR)",5.7,5300,"WR"
"134","Ryan Grant (WAS - WR)",5.7,4600,"WR"
"135","Ty Montgomery (GB - WR)",5.6,4700,"WR"
"136","Devin Funchess (CAR - WR)",5.6,4700,"WR"
"137","Marqise Lee (JAC - WR) Q",5.3,4700,"WR"
"138","Harry Douglas (TEN - WR)",5.3,4800,"WR"
"139","Jermaine Kearse (SEA - WR)",5.2,5400,"WR"
"140","Philly Brown (CAR - WR)",5.2,4800,"WR"
"141","Chris Owusu (NYJ - WR) O",5.1,4700,"WR"
"142","Stedman Bailey (STL - WR)",5.1,4700,"WR"
"143","Dorial Green-Beckham (TEN - WR)",5,5000,"WR"
"144","Robert Woods (BUF - WR)",5,5300,"WR"
"145","Quincy Enunwa (NYJ - WR)",5,4500,"WR"
"146","Willie Snead (NO - WR)",4.9,4700,"WR"
"147","Jerricho Cotchery (CAR - WR) Q",4.8,4700,"WR"
"148","Devante Parker (MIA - WR)",4.8,4900,"WR"
"149","Dwayne Bowe (CLE - WR)",4.6,5200,"WR"
"150","Andre Roberts (WAS - WR)",4.6,4500,"WR"
"151","Mohamed Sanu (CIN - WR)",4.5,4800,"WR"
"152","Rashad Greene (JAC - WR) I",4.5,4700,"WR"
"153","Jaelen Strong (HOU - WR)",4.4,5100,"WR"
"154","Jordan Norwood (DEN - WR)",4.2,4500,"WR"
"155","Brian Quick (STL - WR)",4.2,5100,"WR"
"156","Greg Jennings (MIA - WR)",4.2,4600,"WR"
"157","Phillip Dorsett (IND - WR)",4.1,5200,"WR"
"158","Kenny Stills (MIA - WR)",4,5200,"WR"
"159","Preston Parker (NYG - WR)",3.9,4500,"WR"
"160","Jarius Wright (MIN - WR)",3.8,5100,"WR"
"161","Cody Latimer (DEN - WR)",3.7,4500,"WR"
"162","Josh Huff (PHI - WR)",3.7,4500,"WR"
"163","Jeremy Kerley (NYJ - WR)",3.7,4500,"WR"
"164","Marlon Brown (BAL - WR)",3.7,4500,"WR"
"165","Taylor Gabriel (CLE - WR)",3.4,4500,"WR"
"166","De'Anthony Thomas (KC - WR)",3.4,4500,"WR"
"167","Brian Hartline (CLE - WR)",3.3,4500,"WR"
"168","Devin Street (DAL - WR)",3.2,4700,"WR"
"169","Justin Hunter (TEN - WR)",3.1,4500,"WR"
"170","Devin Smith (NYJ - WR) P",3.1,4600,"WR"
"171","Andre Holmes (OAK - WR)",3.1,5200,"WR"
"172","Louis Murphy (TB - WR)",3.1,5100,"WR"
"173","Riley Cooper (PHI - WR)",3,4700,"WR"
"174","Josh Bellamy (CHI - WR)",3,4700,"WR"
"175","Jeff Janis (GB - WR)",3,4500,"WR"
"176","Albert Wilson (KC - WR)",3,4500,"WR"
"177","Lance Moore (DET - WR)",3,4500,"WR"
"178","Quinton Patton (SF - WR)",2.8,4500,"WR"
"179","Jaron Brown (ARI - WR)",2.8,4500,"WR"
"180","Chris Matthews (SEA - WR)",2.8,4500,"WR"
"181","Dwayne Harris (NYG - WR)",2.7,4500,"WR"
"182","Cordarrelle Patterson (MIN - WR)",2.7,4700,"WR"
"183","Andre Caldwell (DEN - WR)",2.5,4500,"WR"
"184","Chris Conley (KC - WR)",2.5,4500,"WR"
"185","Michael Campanaro (BAL - WR)",2.4,4500,"WR"
"186","Chris Givens (STL - WR)",1.9,4500,"WR"
"187","Geremy Davis (NYG - WR)",1.8,4500,"WR"
"188","Kevin Norwood (CAR - WR)",1.8,4500,"WR"
"189","Jamison Crowder (WAS - WR)",1.5,4500,"WR"
"190","Brice Butler (DAL - WR)",1.5,4700,"WR"
"191","Miles Austin (PHI - WR)",1.5,4800,"WR"
"192","Bruce Ellington (SF - WR) Q",1.4,4500,"WR"
"193","Devin Hester (ATL - WR) Q",1.2,4600,"WR"
"194","Rod Streater (OAK - WR)",1.2,4500,"WR"
"195","Dontrelle Inman (SD - WR)",1.2,4500,"WR"
"196","Chris Hogan (BUF - WR)",1.1,4500,"WR"
"197","Jason Avant (KC - WR)",1,4500,"WR"
"198","Ricardo Lockette (SEA - WR)",0.8,4500,"WR"
"199","Brittan Golden (ARI - WR)",0.6,4500,"WR"
"200","Eric Weems (ATL - WR)",0.5,4500,"WR"
"201","Lucky Whitehead (DAL - WR)",0.5,4600,"WR"
"202","Brandon Tate (CIN - WR)",0.5,4500,"WR"
"203","Keshawn Martin (NE - WR)",0.5,4500,"WR"
"204","Joseph Morgan (NO - WR)",0.4,4500,"WR"
"205","Adam Thielen (MIN - WR)",0.4,4500,"WR"
"206","Griff Whalen (IND - WR)",0.4,4500,"WR"
"207","Corey Fuller (DET - WR)",0.4,4500,"WR"
"208","Russell Shepard (TB - WR)",0.4,4500,"WR"
"209","Le'Veon Bell (PIT - RB)",18.6,8800,"RB"
"210","Adrian Peterson (MIN - RB)",18.5,8900,"RB"
"211","Jamaal Charles (KC - RB)",17.5,8700,"RB"
"212","Marshawn Lynch (SEA - RB) Q",17.3,8700,"RB"
"213","Matt Forte (CHI - RB) Q",15.2,8400,"RB"
"214","Justin Forsett (BAL - RB)",14.6,7200,"RB"
"215","Latavius Murray (OAK - RB)",13.7,7000,"RB"
"216","LeSean McCoy (BUF - RB) Q",13.3,7500,"RB"
"217","Mark Ingram (NO - RB)",13.3,7900,"RB"
"218","C.J. Anderson (DEN - RB) P",13.2,7300,"RB"
"219","Jeremy Hill (CIN - RB)",13,7600,"RB"
"220","Danny Woodhead (SD - RB)",12.9,6400,"RB"
"221","Jonathan Stewart (CAR - RB) Q",12.8,6500,"RB"
"222","Christopher Ivory (NYJ - RB) Q",12.8,7100,"RB"
"223","Dion Lewis (NE - RB)",12.7,6700,"RB"
"224","Carlos Hyde (SF - RB) P",12.2,7800,"RB"
"225","Frank Gore (IND - RB)",12.2,7000,"RB"
"226","Lamar Miller (MIA - RB) Q",12.1,6600,"RB"
"227","Devonta Freeman (ATL - RB)",12.1,6500,"RB"
"228","DeMarco Murray (PHI - RB) Q",11.7,7800,"RB"
"229","Eddie Lacy (GB - RB) Q",11.6,7700,"RB"
"230","T.J. Yeldon (JAC - RB)",11.1,6600,"RB"
"231","Giovani Bernard (CIN - RB)",11,7200,"RB"
"232","Melvin Gordon (SD - RB)",10.9,6700,"RB"
"233","Ameer Abdullah (DET - RB)",10.9,6000,"RB"
"234","Joseph Randle (DAL - RB)",10.1,6500,"RB"
"235","Matt Jones (WAS - RB)",10,6400,"RB"
"236","Alfred Morris (WAS - RB)",9.9,6600,"RB"
"237","Shane Vereen (NYG - RB)",9.9,6100,"RB"
"238","Isaiah Crowell (CLE - RB)",9.7,6600,"RB"
"239","Doug Martin (TB - RB)",9.6,6600,"RB"
"240","David Johnson (ARI - RB)",9.1,6000,"RB"
"241","Darren Sproles (PHI - RB)",9,5400,"RB"
"242","C.J. Spiller (NO - RB)",8.9,6000,"RB"
"243","Bishop Sankey (TEN - RB)",8.9,6300,"RB"
"244","LeGarrette Blount (NE - RB)",8.8,5900,"RB"
"245","James Starks (GB - RB)",8.7,6500,"RB"
"246","Rashad Jennings (NYG - RB)",8.7,6200,"RB"
"247","Tre Mason (STL - RB)",8.5,6500,"RB"
"248","Chris Johnson (ARI - RB)",8.4,6200,"RB"
"249","Ronnie Hillman (DEN - RB)",7.5,6200,"RB"
"250","Lance Dunbar (DAL - RB)",7.4,4900,"RB"
"251","Duke Johnson (CLE - RB)",7.2,5600,"RB"
"252","Arian Foster (HOU - RB) Q",7,8200,"RB"
"253","Benny Cunningham (STL - RB)",7,5400,"RB"
"254","Todd Gurley (STL - RB)",6.9,6300,"RB"
"255","Ryan Mathews (PHI - RB)",6.8,5500,"RB"
"256","Bilal Powell (NYJ - RB)",6.6,5200,"RB"
"257","Dexter McCluster (TEN - RB)",6.1,5400,"RB"
"258","Karlos Williams (BUF - RB)",6.1,5300,"RB"
"259","Joique Bell (DET - RB)",5.9,5800,"RB"
"260","Darren McFadden (DAL - RB)",5.8,6300,"RB"
"261","Chris Polk (HOU - RB)",5.7,5300,"RB"
"262","DeAngelo Williams (PIT - RB)",5.6,6000,"RB"
"263","Theo Riddick (DET - RB)",5.5,4700,"RB"
"264","Fred Jackson (SEA - RB)",5.4,6000,"RB"
"265","Charles Sims (TB - RB)",5.2,5600,"RB"
"266","Lorenzo Taliaferro (BAL - RB) Q",5.1,5600,"RB"
"267","Damien Williams (MIA - RB)",5.1,5700,"RB"
"268","Josh Robinson (IND - RB)",5,4900,"RB"
"269","Alfred Blue (HOU - RB)",4.7,5300,"RB"
"270","Tevin Coleman (ATL - RB) D",4.7,6200,"RB"
"271","Terron Ward (ATL - RB)",4.6,4500,"RB"
"272","Kyle Juszczyk (BAL - RB)",4.5,4500,"RB"
"273","Jonathan Grimes (HOU - RB) Q",4.4,4500,"RB"
"274","Andre Ellington (ARI - RB) D",4.4,7000,"RB"
"275","Reggie Bush (SF - RB) Q",3.9,5300,"RB"
"276","Khiry Robinson (NO - RB)",3.5,4900,"RB"
"277","Andre Williams (NYG - RB)",3.4,5400,"RB"
"278","Terrance West (TEN - RB)",3.4,5300,"RB"
"279","Marcel Reece (OAK - RB)",3.3,4800,"RB"
"280","Denard Robinson (JAC - RB) D",3.1,5400,"RB"
"281","Knile Davis (KC - RB)",3,5400,"RB"
"282","Jerick McKinnon (MIN - RB)",3,5500,"RB"
"283","Javorius Allen (BAL - RB)",2.9,5300,"RB"
"284","Mike Davis (SF - RB)",2.8,4500,"RB"
"285","Mike Tolbert (CAR - RB)",2.4,4800,"RB"
"286","Branden Oliver (SD - RB)",2.4,4700,"RB"
"287","Jarryd Hayne (SF - RB)",2.3,4500,"RB"
"288","Anthony Dixon (BUF - RB)",2.2,4500,"RB"
"289","James White (NE - RB)",2.2,5000,"RB"
"290","Jeremy Langford (CHI - RB)",2.1,4700,"RB"
"291","Roy Helu (OAK - RB)",2.1,5400,"RB"
"292","Dri Archer (PIT - RB)",1.9,5100,"RB"
"293","Jay Ajayi (MIA - RB) I",1.8,5200,"RB"
"294","Bernard Pierce (JAC - RB)",1.8,4500,"RB"
"295","Jonas Gray (MIA - RB)",1.7,4800,"RB"
"296","Cameron Artis-Payne (CAR - RB)",1.6,5300,"RB"
"297","Jacquizz Rodgers (CHI - RB)",1.6,4500,"RB"
"298","Patrick DiMarco (ATL - RB)",1.4,4500,"RB"
"299","Travaris Cadet (NE - RB)",1.4,4500,"RB"
"300","Fozzy Whittaker (CAR - RB) Q",1.4,4900,"RB"
"301","Brandon Bolden (NE - RB)",1.3,4900,"RB"
"302","Matt Asiata (MIN - RB)",1.3,4900,"RB"
"303","Rex Burkhead (CIN - RB)",1.3,4500,"RB"
"304","Christine Michael (DAL - RB)",1.3,4500,"RB"
"305","Toby Gerhart (JAC - RB) Q",1.2,4800,"RB"
"306","Bryce Brown (BUF - RB)",1.2,5000,"RB"
"307","Bruce Miller (SF - RB)",1.1,4500,"RB"
"308","Zach Zenner (DET - RB)",1.1,4500,"RB"
"309","John Kuhn (GB - RB)",1.1,4500,"RB"
"310","Bobby Rainey (TB - RB)",1.1,4800,"RB"
"311","Zac Stacy (NYJ - RB)",1.1,4800,"RB"
"312","Isaiah Pead (STL - RB)",1.1,4900,"RB"
"313","Juwan Thompson (DEN - RB)",1,4500,"RB"
"314","Chris Thompson (WAS - RB)",0.9,4800,"RB"
"315","Darrel Young (WAS - RB)",0.8,4500,"RB"
"316","Tommy Bohanon (NYJ - RB)",0.7,4500,"RB"
"317","Derrick Coleman (SEA - RB)",0.6,4500,"RB"
"318","Shaun Draughn (CLE - RB)",0.5,4500,"RB"
"319","Antonio Andrews (TEN - RB) Q",0.5,4500,"RB"
"320","Jordan Todman (PIT - RB)",0.5,4700,"RB"
"321","Stepfan Taylor (ARI - RB)",0.5,4500,"RB"
"322","Jorvorskie Lane (TB - RB)",0.4,4500,"RB"
"323","Cedric Peerman (CIN - RB)",0.3,4500,"RB"
"324","Rob Gronkowski (NE - TE)",15.1,8400,"TE"
"325","Travis Kelce (KC - TE)",11.3,6400,"TE"
"326","Greg Olsen (CAR - TE)",10.8,5900,"TE"
"327","Jordan Reed (WAS - TE)",10.5,5300,"TE"
"328","Tyler Eifert (CIN - TE)",10.4,5900,"TE"
"329","Jimmy Graham (SEA - TE)",10.2,6300,"TE"
"330","Martellus Bennett (CHI - TE)",10.2,5600,"TE"
"331","Jason Witten (DAL - TE) Q",9.9,6000,"TE"
"332","Kyle Rudolph (MIN - TE)",9.7,5300,"TE"
"333","Heath Miller (PIT - TE)",8.9,5800,"TE"
"334","Jordan Cameron (MIA - TE) Q",8.6,5400,"TE"
"335","Delanie Walker (TEN - TE) Q",8.2,5200,"TE"
"336","Ladarius Green (SD - TE) Q",7.3,5600,"TE"
"337","Eric Ebron (DET - TE)",6.7,5100,"TE"
"338","Vernon Davis (SF - TE)",6.7,5400,"TE"
"339","Crockett Gillmore (BAL - TE)",6.1,5400,"TE"
"340","Zach Ertz (PHI - TE)",6,5200,"TE"
"341","Larry Donnell (NYG - TE)",5.9,5400,"TE"
"342","Jared Cook (STL - TE)",5.6,5400,"TE"
"343","Charles Clay (BUF - TE)",5.4,4900,"TE"
"344","Dwayne Allen (IND - TE) Q",5.3,5200,"TE"
"345","Richard Rodgers (GB - TE)",5.3,4900,"TE"
"346","Jacob Tamme (ATL - TE)",5.2,4900,"TE"
"347","Coby Fleener (IND - TE)",5.1,4900,"TE"
"348","Owen Daniels (DEN - TE)",5,4700,"TE"
"349","Marcedes Lewis (JAC - TE)",5,4700,"TE"
"350","Gavin Escobar (DAL - TE)",4.6,4500,"TE"
"351","Scott Chandler (NE - TE)",4.3,4900,"TE"
"352","Gary Barnidge (CLE - TE)",4.1,4500,"TE"
"353","Jim Dray (CLE - TE)",4.1,4500,"TE"
"354","Benjamin Watson (NO - TE)",4.1,4500,"TE"
"355","Brandon Myers (TB - TE)",3.8,4500,"TE"
"356","Virgil Green (DEN - TE)",3.6,4700,"TE"
"357","Anthony Fasano (TEN - TE)",3.5,5000,"TE"
"358","Darren Fells (ARI - TE)",3.5,4900,"TE"
"359","Mychal Rivera (OAK - TE)",3.2,4900,"TE"
"360","Dion Sims (MIA - TE) Q",3.2,4600,"TE"
"361","Garrett Graham (HOU - TE)",3.1,4600,"TE"
"362","John Phillips (SD - TE)",3.1,4500,"TE"
"363","Josh Hill (NO - TE)",3.1,4900,"TE"
"364","Lance Kendricks (STL - TE)",2.9,4600,"TE"
"365","Jeff Cumberland (NYJ - TE)",2.8,4700,"TE"
"366","Jermaine Gresham (ARI - TE)",2.8,5300,"TE"
"367","Rob Housler (CLE - TE)",2.8,4500,"TE"
"368","Brent Celek (PHI - TE)",2.8,4500,"TE"
"369","Clive Walford (OAK - TE)",2.7,4500,"TE"
"370","Maxx Williams (BAL - TE)",2.6,4500,"TE"
"371","Luke Willson (SEA - TE)",2.6,4500,"TE"
"372","Tim Wright (DET - TE)",2.3,4500,"TE"
"373","Garrett Celek (SF - TE)",2.3,4500,"TE"
"374","James O'Shaughnessy (KC - TE)",2.2,4500,"TE"
"375","Daniel Fells (NYG - TE) P",2.1,4500,"TE"
"376","Chase Coffman (TEN - TE)",2,4500,"TE"
"377","Vance McDonald (SF - TE) Q",2,4500,"TE"
"378","Levine Toilolo (ATL - TE)",1.9,4500,"TE"
"379","C.J. Fiedorowicz (HOU - TE) Q",1.9,4500,"TE"
"380","Rhett Ellison (MIN - TE)",1.9,4500,"TE"
"381","Ed Dickson (CAR - TE)",1.7,4500,"TE"
"382","Kellen Davis (NYJ - TE)",1.6,4500,"TE"
"383","Derek Carrier (WAS - TE)",1.6,4500,"TE"
"384","Clay Harbor (JAC - TE)",1.6,4500,"TE"
"385","Luke Stocker (TB - TE)",1.4,4500,"TE"
"386","Matt Spaeth (PIT - TE)",1.3,4500,"TE"
"387","Blake Bell (SF - TE) P",1.2,4500,"TE"
"388","Andrew Quarless (GB - TE)",1.2,4800,"TE"
"389","Adrien Robinson (NYG - TE)",1.2,4500,"TE"
"390","David Johnson (SD - TE)",0.8,4500,"TE"
"391","Craig Stevens (TEN - TE)",0.6,4500,"TE"
"392","Troy Niklas (ARI - TE)",0.4,4500,"TE"
"393","Michael Hoomanawanui (NE - TE)",0.4,4600,"TE"
"394","Tyler Kroft (CIN - TE)",0.4,4500,"TE"
"395","Jack Doyle (IND - TE)",0.3,4500,"TE"
"396","MarQueis Gray (BUF - TE)",0.3,4500,"TE"
"397","James Casey (DEN - TE)",0.3,4500,"TE"
"398","MyCole Pruitt (MIN - TE)",0.3,4500,"TE"
"399","Nick Boyle (BAL - TE)",0.3,4500,"TE"
"400","Cooper Helfet (SEA - TE)",0.3,4500,"TE"
"401","Stephen Gostkowski (NE - K)",9.3,5000,"K"
"402","Steven Hauschka (SEA - K)",8.8,5000,"K"
"403","Matt Bryant (ATL - K)",8.8,4800,"K"
"404","Justin Tucker (BAL - K)",8.8,5000,"K"
"405","Mason Crosby (GB - K)",8.7,5000,"K"
"406","Dan Bailey (DAL - K)",8.3,5000,"K"
"407","Brandon McManus (DEN - K)",8.2,4900,"K"
"408","Adam Vinatieri (IND - K)",8.1,4900,"K"
"409","Josh Brown (NYG - K)",8,4500,"K"
"410","Matt Prater (DET - K)",7.9,4700,"K"
"411","Blair Walsh (MIN - K)",7.5,4700,"K"
"412","Chandler Catanzaro (ARI - K)",7.4,4700,"K"
"413","Cody Parkey (PHI - K)",7.4,4700,"K"
"414","Josh Scobee (PIT - K)",7.3,4600,"K"
"415","Dan Carpenter (BUF - K) P",7.3,4700,"K"
"416","Josh Lambo (SD - K)",7.3,4500,"K"
"417","Nick Folk (NYJ - K)",6.7,4600,"K"
"418","Graham Gano (CAR - K)",6.7,4700,"K"
"419","Robbie Gould (CHI - K)",6.7,4800,"K"
"420","Greg Zuerlein (STL - K)",6.7,4800,"K"
"421","Phil Dawson (SF - K)",6.6,4600,"K"
"422","Mike Nugent (CIN - K)",6.6,4800,"K"
"423","Zach Hocker (NO - K)",6.5,4500,"K"
"424","Randy Bullock (HOU - K)",6.5,4800,"K"
"425","Sebastian Janikowski (OAK - K)",6.5,4700,"K"
"426","Cairo Santos (KC - K)",6.5,4600,"K"
"427","Ryan Succop (TEN - K)",6.2,4600,"K"
"428","Travis Coons (CLE - K)",5.3,4500,"K"
"429","Jason Myers (JAC - K)",3.4,4500,"K"
"430","Seattle Seahawks (SEA - DST)",14.6,5300,"D"
"431","Houston Texans (HOU - DST)",14.6,5000,"D"
"432","Denver Broncos (DEN - DST)",14.3,4600,"D"
"433","Arizona Cardinals (ARI - DST)",14.2,4700,"D"
"434","New England Patriots (NE - DST)",14.2,4700,"D"
"435","Miami Dolphins (MIA - DST)",14.1,4600,"D"
"436","Buffalo Bills (BUF - DST)",14.1,4500,"D"
"437","Carolina Panthers (CAR - DST)",14,4600,"D"
"438","Cincinnati Bengals (CIN - DST)",14,4600,"D"
"439","New York Jets (NYJ - DST)",14,4500,"D"
"440","Baltimore Ravens (BAL - DST)",13.9,4600,"D"
"441","Cleveland Browns (CLE - DST)",13.7,4600,"D"
"442","Green Bay Packers (GB - DST)",13.6,4600,"D"
"443","St. Louis Rams (STL - DST)",13.6,4500,"D"
"444","Minnesota Vikings (MIN - DST)",13.6,4400,"D"
"445","Indianapolis Colts (IND - DST)",13.5,4500,"D"
"446","Washington Redskins (WAS - DST)",13.3,4100,"D"
"447","Pittsburgh Steelers (PIT - DST)",13.2,4400,"D"
"448","Philadelphia Eagles (PHI - DST)",13,4400,"D"
"449","Tennessee Titans (TEN - DST)",12.9,4200,"D"
"450","Atlanta Falcons (ATL - DST)",12.5,4300,"D"
"451","New York Giants (NYG - DST)",12.2,4200,"D"
"452","Oakland Raiders (OAK - DST)",12,4300,"D"
"453","San Francisco 49ers (SF - DST)",11.8,4300,"D"
"454","Detroit Lions (DET - DST)",11.8,4400,"D"
"455","Kansas City Chiefs (KC - DST)",11.8,4300,"D"
"456","Dallas Cowboys (DAL - DST)",11.7,4300,"D"
"457","Tampa Bay Buccaneers (TB - DST)",11.7,4100,"D"
"458","San Diego Chargers (SD - DST)",11.4,4400,"D"
"459","New Orleans Saints (NO - DST)",11.3,4400,"D"
"460","Jacksonville Jaguars (JAC - DST)",11.1,4000,"D"
"461","Chicago Bears (CHI - DST)",10.9,4000,"D"
